ƒåasov√° znaƒçka;Discord name;Link(s) to contribution(s) (discord post, tweet,...);Mainnet (StarkNet) address;How did you contribute?;;;Marek Notes;POINTS;NOTES
3/16/2023 14:21:40;;https://www.youtube.com/watch?v=dQw4w9WgXcQ;0x4200000000000000000000000000000000000042;;;;;0;Rick Astley song
3/16/2023 18:13:03;Oxdimas#0547;https://twitter.com/Skyday110/status/1630543345197146112?t=eQoMf4kDfmGlJCqttvnJLw&s=19;0x271933d1DAFFEC39E1E8c805DbAFf4e10eCd00BB;;;;;2;
3/16/2023 20:54:27;dctech üåΩüåæ#1697;https://t.me/dctechblockchain/1143;0x02F73b8f07440059E03314b94ce8bebA34C709A7A4Df7EF3F2a35306526937E8;I wrote a guideline about carmine options on how to test and give quality feedback. ;;;;2;
3/16/2023 20:57:52;bla;bla;bla;I wrote an article;;;;0;Testnet feedback
3/16/2023 21:37:16;alihan#1791;https://discord.com/channels/969228248552706078/1055455042246815774/1078062574375018606;0x01519BfF2E8A17451A9511b79718E93a487DF12E59EF21F7e2e514EBe36e95B4;I wrote an article;;;;0;Testnet feedback
3/16/2023 21:43:38;Mish#2799;https://discord.com/channels/969228248552706078/1055455042246815774/1078433819776000020;0x02582C69A6C34193830085F3684c82Fc6559cb9C6b2b24F858C2eB7b3888c549;;;;;0;Testnet feedback
3/16/2023 21:46:44;Lami#4501;https://discord.com/channels/969228248552706078/1055455042246815774/1078592219742752898; 0x03B3F518959d2485A481C8995c5d4fAf72371958EAE5953AFD72a2E9C3f6520B;Testnet interaction ;;;;0;Testnet feedback
3/16/2023 21:48:59;Oxmish#8949;https://discord.com/channels/969228248552706078/1055455042246815774/1078609954619002890;0x064c05d4A5279966A0795a2Dc1Bd450Aa0e597941b2Be247094409f6fBc62b77;;;;;0;Testnet feedback
3/16/2023 21:51:08;Naomi#7238;https://discord.com/channels/969228248552706078/1055455042246815774/1078813204840460318;0x044665C0124210081b3788A285eE71f3fF916467Dbfcaa6f40cf426E643b411d;;;;;0;Testnet feedback
3/16/2023 22:00:50;Xtech#6007;https://discord.com/channels/969228248552706078/1055455042246815774/1078680244116009000; 0x0158388cfb9aeFb96BFb8D7b5992eBc61B06d7BE2e881A510C0C5aC627319805;Testnet ;;;;0;Testnet feedback
3/16/2023 22:02:42;Sam12#5675;https://discord.com/channels/969228248552706078/1055455042246815774/1078683919202914344; 0x04124172D0A947143eFF383B24c1805685367F8B0a493bDd2eB30Af14430e0b2;;;;;0;Testnet feedback
3/16/2023 22:11:33;Mitch1#2404;https://discord.com/channels/969228248552706078/1055455042246815774/1078754595343437874;0x03e646fa46f84B6580506DD086B2141461f6b8c3564c2798f4872F5ebba35c44;;;;;0;Testnet feedback
3/16/2023 22:12:10;3274.btc#2880;https://mirror.xyz/tatlee.eth/KnSydGY8mMAsxwTdroi3JoalZU74H6vK-TSLMVfiSw0;0x06c5606FF51eA7c1908F8F88056333DFcEdD940c;I wrote an article;;;;3;
3/16/2023 22:12:35;KAIFKHAN07#5141;https://medium.com/@jiamigou/%E5%8A%A0%E5%AF%86%E7%8B%97%E6%95%B4%E7%BC%96%E7%A9%BA%E6%8A%95%E7%AC%AC119%E7%AF%87-carmine-options-%E6%B5%8B%E8%AF%95%E7%BD%91%E7%A9%BA%E6%8A%95%E6%95%99%E7%A8%8B-%E6%98%8E%E7%89%8C%E7%A9%BA%E6%8A%95-845be523ce7e;0x07eeacF1A27517eb3eaD871D0f379716957b70daFFb876dDAb02cB35648dae10;I wrote an article;;;;7;
3/16/2023 22:12:55;Samemu#3867;https://discord.com/channels/969228248552706078/1055455042246815774/1078585455211196456;0x03B3F518959d2485A481C8995c5d4fAf72371958EAE5953AFD72a2E9C3f6520B;Testnet feedback ;;;;0;Testnet feedback
3/16/2023 22:13:15;kimlabu || StarkRocks#9623;Tweet: https://twitter.com/kimlabu11/status/1636474178692890627?s=20 Medium: https://medium.com/@hknhnf/understanding-carmine-options-amm-a-decentralized-platform-for-automated-options-trading-e509d4871513;Starknet Mainnet Address: 0x003b4635841fD07ddC35E79c9844385874d478ACD1127cCD71E975d6EB8304a6;I wrote an article, I created a twitter thread explaining what Carmine Options AMM is;;;;8;
3/16/2023 22:46:57;Marc995#6250;https://twitter.com/Anorak95/status/1627420995026882561?s=20;0x0377c8b0435e16302aa425a2a078ee9019e58e2f55f13f83dda3ddfc086d2462;I created a twitter thread explaining what Carmine Options AMM is;;;;6;
3/16/2023 22:50:22;MrTyler#2667;https://medium.com/@ghostdrop/carmine-finance-testnet-tutorial-654238b451e4;0xc42CA8f6c802b78Dc9Db92c48fA92c78340Ab3D7;I wrote an article, I created image/video with Carmine Options AMM theme;;;;7;
3/16/2023 22:52:14;Grodor#1548;"English: https://medium.com/@thegrodor/carmine-options-amm-revolutionizing-options-trading-on-defi-f902ab23dc72
Turkish: https://medium.com/@thegrodor/defi-opsiyon-ticaretinde-devrim-carmine-options-amm-11441742c3b4

English thread: https://twitter.com/thegrodor/status/1636483275840540673?s=20
Turkish thread: https://twitter.com/thegrodor/status/1636485217455157249?s=20";0x009a152C6FCCCAaa2E0CCdF0ECA5B3fD8d509dd32Be226260959217844Cbc06b;I wrote an article, I created a twitter thread explaining what Carmine Options AMM is;;;;8;
3/16/2023 23:24:55;Yuksek#7739;"https://discord.com/channels/969228248552706078/969591943430549574/1085614096394764338 
https://medium.com/@TommasoMacchi/carmine-finance-airdrop-confermato-e0e70e15f3bc";0x009fe5c33f289774721333ddd3ec6a434afff5891c89e2b90fe64aee3e9c3711;I wrote an article, I created image/video with Carmine Options AMM theme;;;;7;
3/16/2023 23:37:44;Vins_DB#3875;https://twitter.com/Corazon___89/status/1636496768593539074?s=20;0x00341638704e87358C34B2886A5fc2f76EE4f8A3;Post tweet on Twitter and Telegram for my Friends;;;;1;
3/17/2023 1:21:41;u17ga1#3805;https://twitter.com/7ga1u2/status/1636523114619367425?s=20;0xe7b90248b7132B69Ba0525f50063fB9d27Abe17d;I created infographics;;;;0;Wrong link
3/17/2023 2:01:18;JiRaYa_OG#8344;"1) Thread Airdrop Carmine Confirmed:

https://twitter.com/JiRaYa_OG/status/1629096553519452162?t=RUxxdV7Ziqy46CEnchUTdg&s=19

2) Tweet from my Starknet Master Thread:

https://twitter.com/JiRaYa_OG/status/1616786949548969984?s=19";0x0508350Eef9c741692cFb2882B7c0d6E2639C589c667ee0b10E08A2Ab7f256f5;I created a twitter thread explaining what Carmine Options AMM is;;;;6;
3/17/2023 2:11:02;Ars7810#2276;https://discord.com/channels/969228248552706078/1055455042246815774/1081801326603796551;0x0409b564133A48ad88a0A963729a7934Be42E22192a97513E4289414Ec67fEd8;I wrote an article;;;;0;Testnet feedback
3/17/2023 3:40:22;Xiobobei #1707;https://discord.com/channels/969228248552706078/1055455042246815774/1077991872179486912;0x04808da98e018A88D29ded4D32A15B5F5cA7EbfB9b7A5f023d82061AffA04bcE;I give positive feedback ;;;;0;Testnet feedback
3/17/2023 4:21:57;nunes#5154;https://twitter.com/mestretrader10/status/1636567303843135491?s=20        https://discord.com/channels/969228248552706078/1078724414822174792/1084622130991337482;0x02F6CFbE4777a28F90975C2aC232EE1C27d261C0c6Dd11366d131cc7dD3c5112;I created image/video with Carmine Options AMM theme, I created a twitter thread explaining what Carmine Options AMM is;;;;4;
3/17/2023 6:07:17;Mitch Harris#2092;"https://t.me/testnet_guide/5553 https://twitter.com/TestnetGuide/status/1626606647316557827
https://teletype.in/@testnet_guide/Carmine_Options_Testnet_Guide
https://medium.com/@testnetguide/carmine-options-is-an-amm-enabling-anyone-to-buy-and-sell-options-at-a-fair-price-3ea6dfb404c4
https://discord.com/channels/969228248552706078/969591943430549574/1076165693554311288
https://discord.com/channels/969228248552706078/969591943430549574/1076165817047208096
https://discord.com/channels/969228248552706078/969591943430549574/1076168503591182426";0x0558808A3C00c778C93E3d4348687b048613993E6b03836726B5d581f9960515;I wrote an article, Telegram post;;;;8;
3/17/2023 6:07:33;Sheely#8042;https://mirror.xyz/0xaCB8AfbC0c429c0A79568c2f51f08750655ce507/NRztDBxvPtuaaAJdN6zGJ83iNMbk5oW3xkLNfzEj1dU;0xaCB8AfbC0c429c0A79568c2f51f08750655ce507;I wrote an article;;;;4;
3/17/2023 6:24:20;ashell890401#6986;https://twitter.com/shella890401/status/1636598842841006081;0x44A9935Ca995BE8ee65a6F6EB6C984227232fabb;I created a twitter thread explaining what Carmine Options AMM is;;;;3;
3/17/2023 6:27:36;xiaoB660#0267;https://twitter.com/shellb660/status/1636599983200956416;0xaee597aBd13d351E1ee62F560dd3b65BC2494d5c;I created a twitter thread explaining what Carmine Options AMM is;;;;2;
3/17/2023 6:49:37;Arutyunov.eth#5902;https://teletype.in/@arutyunov_eth/tm9AzAv_mV4;0x1A8f294AdaB4c0D69DA7a635237C25D6848D6C1a;I wrote an article;;;;6;
3/17/2023 7:18:51;MikoTurk#8193;https://twitter.com/InspectionCap/status/1636612932363591681?s=20;0x02bA4d7cF831553a28B0713Bbd8503203E373255a63558f14C2405299CAa8Aed;I created a twitter thread explaining what Carmine Options AMM is;;;;7;
3/17/2023 7:57:32;LilCrazy#9169;"https://medium.com/@sashacrypt1991/testnet-carmine-finance-ab2365669652 (https://discord.com/channels/969228248552706078/969591943430549574/1079389271422681109)


https://twitter.com/bod_dilan/status/1630659646439432213?s=20 (https://discord.com/channels/969228248552706078/969591943430549574/1080218449277632582)";0x018e76E3039f24B9EE955c666e0E61B5CC690703BB869355c35f06f4369deE96;I wrote an article, I created a twitter thread explaining what Carmine Options AMM is;;;;7;
3/17/2023 11:42:00;burak33b#5755;"https://twitter.com/_burak89/status/1636674855138410499
https://twitter.com/_burak89/status/1636676514266619904
https://twitter.com/_burak89/status/1636678823205822464";0x2162FEB49E9Efe2506DE3273f4edabe09d36cbAf;I created image/video with Carmine Options AMM theme, I created a twitter thread explaining what Carmine Options AMM is;;;;8;
3/17/2023 12:55:49;–í–∏—Ç–∞–ª–∏–π N1 | Bay Swap#8094;https://twitter.com/slam_ik/status/1636697784408498176?s=20;0x026eeDDAd2347a4e468Cc0c7d3941a8DE7b59d2d17D9dE8de0A5347a0fE6c620;I wrote an article;;;;3;
3/17/2023 13:18:22;d.e.m.i.u.r.g.‰πá üêç#0376;https://twitter.com/coinverici/status/1636702953368088578;0x03a10EAE53e16505828384514325CA55841A75d822B22B5985895029631a7B87;I created a twitter thread explaining what Carmine Options AMM is;;;;6;
3/17/2023 15:32:24;Al√™#4088;https://medium.com/@kelvinferreira_14800/carmine-options-amm-options-for-community-93a572805608;0x00cada632b4798225159957b0a5f216b075eedde77915ca100dc7139651e2436;I wrote an article;;;;3;
3/17/2023 19:12:31;Santoryu#7281;https://twitter.com/RA3MJ/status/1636792259382214675?t=LeP4fcin-ROgrNHc9uBQUA&s=19;0x5025917a621e5CD46824350ba98F9766160d84BC;I created a twitter thread explaining what Carmine Options AMM is;;;;3;
3/17/2023 21:38:07;ricksanchez#4782;https://twitter.com/algorickm/status/1636828971768877056?t=_nx-sY3NotsROMzyykjxyQ&s=19;0x045d3604a2D71F506c907c3b7BE2c5Ab99E2Fe99eEA71a7D8aaA630CE4014CC7;I created a twitter thread explaining what Carmine Options AMM is;;;;3;
3/18/2023 1:22:08;Cryptoloss#1951;"I made a twitter thread (Turkish)
https://twitter.com/Cryptoloss1/status/1628437579757387776?s=20
https://t.me/LossNodeDuyuru/743

I made English twitter thread too
https://twitter.com/cryptoloss_en/status/1628366836524847106?s=20
https://t.me/LossNodeNews/46

I made a video about testnets and airdrop
https://youtu.be/pkc_PvvswGA
";0x01Ba0972858F4068Bd14C951C853a204F78D672f28f4d2ABe757674DdB7ebc9C;I created image/video with Carmine Options AMM theme, I created a twitter thread explaining what Carmine Options AMM is;;;;10;
3/18/2023 4:58:16;Lyskey#2396;"I am a content creator specialized on Starknet. I frequently include Carmine in my infographics, newsletters, threads, and tweets. Here are some examples:
- Infographics including Carmine:
https://twitter.com/Starknet_OG/status/1628252375432704001
https://twitter.com/Starknet_OG/status/1612320747787276288
https://twitter.com/Starknet_OG/status/1607260009544683523
https://twitter.com/Starknet_OG/status/1604733508424937472

- Newsletters including Carmine:
https://starknetroundup.substack.com/p/starknet-roundup-53
https://starknetroundup.substack.com/p/starknet-roundup-56

- Mentions:
https://twitter.com/Starknet_OG/status/1605611618267717634
https://twitter.com/Starknet_OG/status/1589134263584456704

Thanks to my content featuring Carmine, I have brought over 170 people to your Discord. You can verify my invitation link at https://discord.gg/kQN5FmNCN5";0x0718505b87b5a448205ae22ac84a21b9e568b532ed95285c4c03973f8b1a73e8;Infographics, mentions, tweets, newsletter;;;;10;
3/18/2023 6:02:54;Santoryu#7281;https://twitter.com/RA3MJ/status/1636792259382214675?t=U4OQyWJ6P55f6-Rwnb0Pog&s=19;0x027495304ed75F5257EC68e053e13B4B842Ec9AE65b4720e2EE88b31ecC37A71;I created a twitter thread explaining what Carmine Options AMM is;;;;same as number 39;
3/18/2023 10:02:44;ozgun72#0425;https://twitter.com/JamesonOzgun/status/1637007991428743168;0x3Bf5BCEB1a247B21FdCd63F59b5581c2bab0849b;I created a twitter thread explaining what Carmine Options AMM is;;;;0;Not related
3/18/2023 11:51:25;redeucalyptus#1137;https://twitter.com/slowcoin35/status/1628457838904496128?s=20;0x00a8978743b5c973136Fe7c08d0f27e746A8CdbE8F9824287FBB25a94217082B;I created a twitter thread explaining what Carmine Options AMM is;;;;6;
3/18/2023 14:22:17;Wrapped Jerem #7936;"https://discord.com/channels/969228248552706078/1078026165958234294/1079082908939206737
https://twitter.com/CarmineOptions/status/1630559033928056832?t=g3P07z3_cpztJ0RBkHRcTQ&s=19";0x03e23597f10adf17f769777ba0d5682ec6e2cd09a5da30f72ab1839d02abe04e;I wrote an article, I created infographics;;;;5;"Not related; Marek: It is related"
3/18/2023 15:12:36;bojan111#1688;https://twitter.com/blueswinggg/status/1637094391700414465?t=VQDx02bkBxhBo9OPskjxHQ&s=19;0x05a7bCE396743a3eF540eE7b7e9c1F47FCd9587A1E03DE25aAb965cb3373Db2d;I created a twitter thread explaining what Carmine Options AMM is;;;;3;
3/18/2023 16:53:25;üèáSumit1210#1030;https://twitter.com/CarmineOptions/status/1605908767891152897?s=20;0x03bA605683b4818e8c3cBeDf3D27BcBe58e2915c438C4348b2BC9CCda9799593;TWITTER;;;;2;"Not related; Marek: It is related"
3/18/2023 17:06:30;Pearlvn#0699;https://twitter.com/storknorth00/status/1637122905812373508?s=20;0x03C6B8c5B9B6fF18013529995AF01f9B70B014e4C0AfC589e11aae8848559333;I wrote an article;;;;5;
3/18/2023 17:07:46;Pearlvn#0699;https://twitter.com/storknorth00/status/1637122905812373508?s=20;0x03C6B8c5B9B6fF18013529995AF01f9B70B014e4C0AfC589e11aae8848559333;I wrote an article;;;;same as 49;
3/18/2023 20:38:37;Winter is coming#5641;https://twitter.com/GhazwanAli18/status/1637175490006876161?s=20;0x070c6c9fa6eb14fb5067d1e7c230c096717a1d0568e4bc84aed12e5869bd723e;I created a twitter thread explaining what Carmine Options AMM is;;;;6;
3/18/2023 21:05:30;godfather000#4859;https://twitter.com/God_f_a_ther/status/1637178760372920322?t=uqfMnFNk5gf3PXuzGJejnw&s=19;0x04f159092824A9Eb64f85461f297790C741549fC613c2e20362C667C7182c839;I created a twitter thread explaining what Carmine Options AMM is;;;;6;
3/18/2023 21:06:27;godfather000#4859;https://twitter.com/God_f_a_ther/status/1637178760372920322?t=uqfMnFNk5gf3PXuzGJejnw&s=19;0x04f159092824A9Eb64f85461f297790C741549fC613c2e20362C667C7182c839;I created a twitter thread explaining what Carmine Options AMM is;;;;same as 52;
3/18/2023 21:53:51;ponzi_partaker#5823;https://twitter.com/ponzi_partaker/status/1637195365282729984;0x05C34ad8A5886E7AB49AFc39188480A2dC28a607232FDE8A33De05b8f6A2e009;I created a twitter thread explaining what Carmine Options AMM is;;;;7;
3/19/2023 11:10:14;Chic#2662;https://discord.com/channels/969228248552706078/1055455042246815774/1078925024892825650;0x0199a17f383C20E368c666393e31D01517918479f78032da2CE950a5f3dbEf1f;I gave positive feedback ;;;;0;Testnet feedback
3/19/2023 12:23:23;Nts#7611;https://twitter.com/zhengbobo001/status/1637414281254961153?s=20;0x04a35b88250fbdbef145272598eed43a7d3cd8d81b13ca8e8885dd8364ef5285;I created a twitter thread explaining what Carmine Options AMM is;;;;3;
3/19/2023 12:25:35;Chokball#3939;https://twitter.com/q809131315/status/1637414734046846976?s=20;0x051247616cd49056055fddc3cfcc58d01d19bc7fc8a126395efb89f2ca488cbd;I created a twitter thread explaining what Carmine Options AMM is;;;;2;
3/19/2023 18:33:39;LeCryptok#2639;;0x034ee23fccdb77de2df7379eaa77903c3c265809554627b2d81fd3aba3e8108a;I wrote an article;;;;;
3/20/2023 10:03:56;adriano82#8074;https://twitter.com/adriano210882/status/1637741665204019200;0x03c1e4475a5f5b9e2dec32f3b4b0fa482a237d9720075fafac269dbfb3f6c381;tester;;;;2;
3/20/2023 10:51:15;È∏≠È∏≠.stark#3091;https://twitter.com/kingmylords/status/1637753530248306689;0x03aa3732ba41ad16733fc0db1ac682b84bda2739dcce19229e97b8094604bff8;I created a twitter thread explaining what Carmine Options AMM is;;;;5;
3/20/2023 10:56:16;didi mask#5675;https://twitter.com/xiaoyue27130505/status/1637754650718773249;0x01e64eabc1aab7b548d03f0d6e54e2e1f99989f5e249af3d06bd607c32cceb75;I created a twitter thread explaining what Carmine Options AMM is;;;;5;
3/20/2023 12:59:34;Saurov#7954;https://twitter.com/Saurov4477/status/1637785844701331457?s=20;0x058D5C7cE78a841BfBF58D7E73Faec44e0EB30B089941c22bcb74dc362E18771;I wrote an article;;;;3;
3/20/2023 13:37:39;satyam99ZZ#3970;;0x02eaaD2C78883Ce88e16C90a312135173525Ebcedcc4b5238339b041468231E5;;;;;0;
3/20/2023 13:53:06;WWF#1063;https://discord.com/channels/969228248552706078/1035330285413335162/1087357599449620530;0x0035Dd8e05a39fB93AE3508049D0D6b171Be67a9D6f633c1b67ACBb291032a78;meme;;;;0;Wrong link
3/20/2023 13:53:17;@JayantüåΩüåΩüåΩ(üíô,üß°)#6105 ;https://twitter.com/6066Q/status/1637798854161756160?s=19;0x05E82944d65aCfE04d972CCb6DAedc578deaE5E62a9D8A2dc3B5F833763b77E1;I created a twitter thread explaining what Carmine Options AMM is;;;;2;
3/20/2023 13:57:11;Solo#6680;https://discord.com/channels/969228248552706078/1035330285413335162/1087358954675372074;0x01283b062455cD91d1Be75209A45de8ae022F8756D87FB15ED167dE4B69566cA;;;;;0;Wrong link
3/20/2023 14:12:31;@Domeri#0548 ;https://twitter.com/daaslalu1/status/1637803246939938818?s=20;0x07e5C618535e60a55FbD8e797795aCA438075FfCFCCF9C8b3f1c8ecbCb0F09d1;I wrote an article, I created infographics, I created a twitter thread explaining what Carmine Options AMM is;;;;2;
3/20/2023 16:29:07;Atulkumar#9915;https://twitter.com/Krishna6422415/status/1637838620777398272?t=evXG1J2JYutXAYZkbFQlwQ&s=19;0x0533d199Ce3830e6D7b4865Dac8cB53Ee6020ecD6d58ABa3973e2380be629da7;I created image/video with Carmine Options AMM theme, I created a twitter thread explaining what Carmine Options AMM is;;;;2;
3/20/2023 16:36:19;polygongaming.bnb#6808;Twitter ;0x03FeE4AeEA9bcACa91F31Ce55bcccE6c1B5dE24A8633AF942e2C129703f0aD92;I wrote an article;;;;0;Twitter section is empty
3/20/2023 16:59:51;Dipak123#7785;Yes;0x0212bfC07cE3295164053A93E07cA912529976cF9B0cE59B803dFD0474754434;I wrote an article, I created image/video with Carmine Options AMM theme, I created infographics, I created a twitter thread explaining what Carmine Options AMM is;;;;0;Twitter section is empty
3/20/2023 17:01:27;polygongaming.bnb#6808;https://mobile.twitter.com/boraa3199;0x03FeE4AeEA9bcACa91F31Ce55bcccE6c1B5dE24A8633AF942e2C129703f0aD92;I wrote an article;;;;0;Wrong link
3/20/2023 17:24:48;bauribisnu27#5712;Yes;0x062858afa9fD7847D7b0c9C550358b5CC84adEDF987F5c6B03Adc4F248775b40;I wrote an article, I created image/video with Carmine Options AMM theme, I created infographics, I created a twitter thread explaining what Carmine Options AMM is;;;;0;Twitter section is empty
3/20/2023 17:28:29;Lyskey#2396;https://starknetroundup.substack.com/p/starknet-roundup-57;0x0718505b87b5a448205ae22ac84a21b9e568b532ed95285c4c03973f8b1a73e8;I mentionned Carmine in my newsletter edition ;;;;5;
3/20/2023 17:36:57;Ben_z#2628;N/A;0x01fc36Cc215278D43B44f88208D0790B6560ac5Dc09d6b163861f0ab9016FeBD;I contribute in your testnet platform i try its features the transation are very slow .;;;;0;Twitter section is empty
3/20/2023 18:11:37;ishu#1296;;0x04651E936FC70b2b517c59e70157b7d9304eD3f773DF2F0e14Fdbae41BEC3577;I wrote an article, I created image/video with Carmine Options AMM theme, I created infographics, I created a twitter thread explaining what Carmine Options AMM is;;;;0;Twitter section is empty
3/20/2023 18:23:07;White RUN#3391;https://discord.com/channels/969228248552706078/969228248552706081/1087425371764441280;0x06E1E05A1bCEA6561E9F307046E66E44aE9fE833EcC740337A81158a2CF9e639;I created a twitter thread explaining what Carmine Options AMM is;;;;0;Wrong link
3/20/2023 18:43:56;Habib287üëë#8841;N/A;0x06F4763005d18eb47717105bc81486b2a4b5dA237575686f98EEb7c683045A29;I wrote an article;;;;0;Twitter section is empty
3/20/2023 18:58:56;AkashFF99#0587;https://twitter.com/AkashKTM390/status/1637876271001608194?s=20;0x019163DAABF9D11097970b2C63DB07C6fE197B1F28A337B1C28624838240d35d;https://twitter.com/AkashKTM390/status/1637876271001608194?s=20;;;;2;
3/20/2023 21:14:29;Aj0031#3317;;0x03E647d71314169387373BEC1AAd691a985c6Be5901dE8a310DAaf7089EFBB32;I wrote an article, I created a twitter thread explaining what Carmine Options AMM is;;;;0;Twitter section is empty
3/20/2023 22:10:35;khanfaisal2003#7329;;0x31aceb941dd8941cbe10c6d97dc2372cf871ddbc7816a3601da0d4aa049069b;I wrote an article, I created image/video with Carmine Options AMM theme, I created infographics, I created a twitter thread explaining what Carmine Options AMM is, ;;;;0;Twitter section is empty
3/21/2023 8:38:30;rudra234#3646;;0x0742E30491125b552315F023B29ea790362349371A8a8b0649DF4A5569FC3b62;give a feedback in discord about the project;;;;0;Twitter section is empty
3/21/2023 10:01:00;subhajitpaul#2597;;0x0476CA842dFb8fBe418b54D6c1a9DFc455f0eF0d629Af488228FEC45Eb1D71CA;I created a twitter thread explaining what Carmine Options AMM is;;;;0;Twitter section is empty
3/21/2023 11:30:01;vinayy50861#7513;;0x01c07da3684ec80d15136732F12B28e41e4cFdB80cfA921EC9a7292985387ae5;;;;;0;Twitter section is empty
3/21/2023 11:31:49;Vinay108#1830;;0x0433EE813E2c41d11aD52Ce1322430899F1e98ec7CC03328d727a786AB5F2439;I wrote an article;;;;0;Twitter section is empty
3/21/2023 15:17:02;Hellboy#9179;https://twitter.com/Abhijit99531960/status/1638182855959347200?s=20;0x04c41e43568B5259B9DC63276999A459E8798fdE89EC332b308d1047BC634dd3;I wrote an article;;;;1;Commented on Carmine's twitter post
3/21/2023 17:19:36;Raj264#5121;https://twitter.com/RajChouhan264/status/1638213264948486146?s=20;0x056c4a1D93083BAb8425D86b6d9F784df447e2DB53C6D0AC9Cc7599A604f78D3;I created a twitter thread explaining what Carmine Options AMM is;;;;2;Shared someone else's video
3/21/2023 20:28:20;asfak#9441;https://twitter.com/AltafAsfak/status/1638260916897878016?t=JV1AxIMmVNeq1TZ-1d_oRg&s=19;0x065dFbAC070cA28680E253B4B3b62EaaA9cC9Ee8Aa0E5Cf2cb80Fc58109a5309;I wrote an article;;;;2;
3/21/2023 21:29:57;VoltuDx#5490;https://twitter.com/VoltuDx/status/1638276537186398208?t=HBTfpSps9sDR-VNn3TjqyA&s=19;0x05063C434dD84C4F5345fe3b08EE6a2D3a5D2fdcB7470FEAFa79636e42B41CeA;I created a twitter thread explaining what Carmine Options AMM is;;;;3;
3/21/2023 21:42:33;Gianluca#1934;https://twitter.com/Giani91/status/1638279589259628563?s=20;0x06f1d53BAec701897B53ad1920Fbe5a0B91e2532447C2Fa422B9A3688E433F2a;I wrote an article;;;;0;Carmine twitter address not specified
3/22/2023 7:19:40;ig_aryanb | Sui Global#5250;https://twitter.com/ig_aryanb/status/1638425032794808328?s=20;0x06a549620A22a402A12d92A61481607fAd5A61f2D26Ab6a70416feC764bc57BF;I wrote an article;;;;2;
3/22/2023 8:01:48;duyenhtm#6222;https://twitter.com/duyenhtm/status/1638434800175570944?s=20;0x0230f7e72A73685Ae3B96b52Ea4F3dd6E9e295cF918A58Cf71323b646eBB2409;I created a twitter thread explaining what Carmine Options AMM is;;;;3;
3/22/2023 8:11:24;üèá kunalloot#7718;https://discord.com/channels/969228248552706078/1055455042246815774/1087968199699599380;0x008730840a8cEf43B2682E55C2f657ec66714F96D156b0c8b3fba0659Db358AD;I wrote an article;;;;0;Wrong link
3/22/2023 8:16:45;Anand ;https://twitter.com/Anandbaraiya6/status/1638439093662269440?t=VwjW9keNN4Pjwba9vU7ZTQ&s=19;0x0695d0d16237a024727fe367a3ed9769f9433a276Ecb057118e58BA47f1fAdD2;I wrote an article;;;;2;
3/22/2023 8:56:19;Manai#4946;https://twitter.com/noyna20041995/status/1638449323179474944?s=20;0x0644F2Ed77Ef195dC123c0fec6187F6e6100bB654D4a4ee0D4c47e80C9cC8031;I created a twitter thread explaining what Carmine Options AMM is;;;;1;Commented on Carmine's twitter post
3/22/2023 9:24:38;ZahidKashan#5334;https://discord.com/channels/969228248552706078/1055455042246815774/1088014885738254387;0x06Db681F6A158E67A8b86e38bB2317957e9800aC1cdf4b6217d9B86417AA3Bcb;I created image/video with Carmine Options AMM theme;;;;0;Wrong link
3/22/2023 9:29:10;Noyna#7272;https://twitter.com/Manai8250/status/1638457492823785472?s=20;0x000C14502eCC53E00Bd593C4038889690CF0D30e9364D2558340F4db8ECD5434;I test the testnet;;;;1;Commented on Carmine's twitter post
3/22/2023 10:10:05;OlRifat#8440;;0x04b4c7E4f149259CC01FC21739c5185c545bfD6991481d5f626b54e5e8cfD92D;;;;;0;Twitter section is empty
3/22/2023 15:37:45;RAJA üëë#2387;;0x03E79cC71F8805391649041de07251ab7e8FA3068DFb797DbBae3CB856db0bcd;I created infographics;;;;0;Twitter section is empty
3/23/2023 8:11:05;Asadali6527#9427;https://discord.com/channels/969228248552706078/1055455042246815774/1088358598708568104;0x069549A93501B20Bc68Db2dd27BaB6Abc0Abe5DFf99AF37f626cD9487C144da6;I created image/video with Carmine Options AMM theme;;;;0;Wrong link
3/23/2023 10:48:36;Lyskey#2396;https://twitter.com/Starknet_OG/status/1638823270828105728;0x0718505b87b5a448205ae22ac84a21b9e568b532ed95285c4c03973f8b1a73e8;I created infographics;;;;5;
3/23/2023 10:51:30;Neetu#2231;https://twitter.com/Neetu2231/status/1638840117032005633?s=20;0x0046Af0eCf094161Ef21794E4ca1335e2db7cb87742c5DCd552225afD96B8a1e;I created image/video with Carmine Options AMM theme;;;;2;
3/23/2023 22:14:20;sultanmirza#3830;;0x021C14688da212352dDA142fdcF045E4f914D08E453B4A645E8Cf113CEE72bf8;I created infographics;;;;0;Twitter section is empty
3/24/2023 8:49:10;khkamal | Sui Global#7997;https://twitter.com/KHDAO1/status/1639172420836945921?s=20;0x04434711813b81B6D600340Cf853f0252643F86De8FEd39a8fE9E8D49Bb953Fb;I created a twitter thread explaining what Carmine Options AMM is;;;;2;
3/24/2023 11:14:11;rafiqfarah#5099;https://discord.com/channels/969228248552706078/1055455042246815774/1088767554916458538;0x05346Ea5dF8d65A9cf82e31D4f9c0A7449488a67A8899B23af5634B520578dFF;I created image/video with Carmine Options AMM theme;;;;0;wrong link
3/25/2023 11:03:34;FRUX#0156;https://twitter.com/FRUX1999/status/1639568452783333376?s=20;0x0275806Bc7beC073B433bad92D550B4184A222CA70Fb8cc67fD19b1C1c047037;I created a twitter thread explaining what Carmine Options AMM is;;;;2;
3/26/2023 4:25:22;pari#6927;not;0x01e5a94697facd2f3fccfe7f0e30aad8aaeac2f0de7cc252eca7b4615a623a07;not;;;;0;
3/27/2023 6:04:17;Bossxg#2774;https://mirror.xyz/0x12E46bB989cC2E254523718549cb56f8e8f1152C/ouk33sdBlnvReS1uhDer5Nfg8-RJOs3YjiNp5qDQdA8;0x0059B9404462C7e244EABb402eC569F1222957640E96795C27740AafFc6074BF;I wrote an article;;;;6;
3/27/2023 15:43:47;Lyskey#2396;https://starknetroundup.substack.com/p/starknet-roundup-58?sd=pf;0x0718505b87b5a448205ae22ac84a21b9e568b532ed95285c4c03973f8b1a73e8;I have included Carmine in my Starknet newsletter edition ;;;;5;
3/28/2023 11:34:48;DIMAS#0797;https://twitter.com/CarmineOptions/status/1600963815310766080?s=20;0x05406719700fBD1F0b2CCc86D51E7e106331A178eD612B36E96A73b93D65D1D5;I created a twitter thread explaining what Carmine Options AMM is;;;;0;wrong link
3/28/2023 23:44:24;lalikso#4629;;0x0380A8ef508e9e1cf3D747101966AcD5e4B1259d9bc05E35b90c0FbdCa81B474;wr;;;;0;Twitter section is empty
3/30/2023 22:10:12;cryptokai#1231;https://twitter.com/sidneyrealorena/status/1641531327240609792?s=20;0x0713E939CaDE58965F44BC72D01B582b692c5f974d4d1DC6599DEa5B58452AB0;I created a twitter thread explaining what Carmine Options AMM is;;;;7;
4/2/2023 18:45:20;ku#1323;;0x04268d853d9b7FA2Eb6fb8A5a7Ff8c3f58457e76263F21Bc84dAB1438577a584;I wrote an article;;;;0;Twitter section is empty
4/4/2023 2:56:09;Lyskey#2396;https://twitter.com/Starknet_OG/status/1642929055703138304;0x0718505b87b5a448205ae22ac84a21b9e568b532ed95285c4c03973f8b1a73e8;Newsletter in which I have included Carmine;;;;5;
4/6/2023 6:25:01;Lyskey#2396;https://twitter.com/Starknet_OG/status/1643831749238222853;0x0718505b87b5a448205ae22ac84a21b9e568b532ed95285c4c03973f8b1a73e8;Quote your Mainnet announcement ;;;;5;
4/7/2023 11:05:32;steuf#4984;https://twitter.com/SteufDab/status/1644264053613756416?s=20;0x034E7427b727BE27590d45D0cEf2248FF4DfA95a3347aef7b2d9355906e541C8;I created a twitter thread explaining what Carmine Options AMM is;;;;7;
4/7/2023 16:14:30;Lyskey#2396;https://twitter.com/Starknet_OG/status/1644341913645117442;0x0718505b87b5a448205ae22ac84a21b9e568b532ed95285c4c03973f8b1a73e8;Amplify your tweet announcing the mainnet;;;;5;
4/8/2023 13:29:43;–ê–ª—å–æ–Ω–∞#9588;"https://twitter.com/AlChernega/status/1644661129740705794?s=20
https://twitter.com/AlChernega/status/1644663152242556928?s=20";0x04beec4e536c379dbbf94942cdf14952233f0d08609d1eee2b03284bb6fc544d;I created infographics, I created a twitter thread explaining what Carmine Options AMM is;;;;4;
4/9/2023 5:20:32;Lyskey#2396;https://twitter.com/JediSwap/status/1644760717654892546;0x0718505b87b5a448205ae22ac84a21b9e568b532ed95285c4c03973f8b1a73e8;I'm in charge of the JediSwap newsletter (I gather the news and write it), I've included the Carmine Mainnet launch new in it ! ;;;;5;
4/9/2023 14:25:36;TangAnbo#4177;https://twitter.com/TangAnbo/status/1645033221040791553?s=20;0x0391e779b17dba6612ac2d2bbb14acd0aa8839cba27987aef58205a321a15cbc;I wrote an article, I created image/video with Carmine Options AMM theme, I created infographics, I created a twitter thread explaining what Carmine Options AMM is;;;;7;
4/9/2023 22:04:08;√ê 786 FIBO#3128;https://twitter.com/mrreckt1;0x03311e26bE19B3232dee7C3f3D7C9c44eCC6AD4FbF0E622cd36bE1FE3CA1495B;I created image/video with Carmine Options AMM theme;;;;0;There is no such post on this person's twitter
4/10/2023 17:45:41;Lyskey#2396;https://twitter.com/Starknet_OG/status/1645449203047616512;0x0718505b87b5a448205ae22ac84a21b9e568b532ed95285c4c03973f8b1a73e8;I included your news in my newsletter edition ;;;;7;
4/20/2023 16:53:11;Lyskey#2396;https://twitter.com/Starknet_OG/status/1649042347077017604;0x0718505b87b5a448205ae22ac84a21b9e568b532ed95285c4c03973f8b1a73e8;An infographic that mentions Carmine;;;;7;
4/24/2023 16:13:08;Lyskey#2396;https://starknetroundup.substack.com/p/starknet-roundup-62;0x0718505b87b5a448205ae22ac84a21b9e568b532ed95285c4c03973f8b1a73e8;Included a Carmine news on my newsletter edition;;;;5;
5/1/2023 10:52:37;Ahmet | Suiswap#5052;https://twitter.com/Heartzofman/status/1652958844195160066;0x02092BB5Df5D5ab549AEd3D47c281f752e7031a55F873f9066a3a494770A7506;I created a twitter thread explaining what Carmine Options AMM is;;;;2;
5/1/2023 18:20:24;Lyskey#2396;https://starknetroundup.substack.com/p/starknet-roundup-63;0x0718505b87b5a448205ae22ac84a21b9e568b532ed95285c4c03973f8b1a73e8;Carmine mention in my newsletter edition ;;;;5;
5/5/2023 8:12:22;TomaszCrypto7#5994;https://twitter.com/TomaszCrypto7/status/1610654606362656771;0x007506de8fAfc710ECfF05a5A59e5f0bBa86FB194CA96648314FC3bce9FfCD56;first tweet (Carmine)/ Jan 4th, 2023;;;;3;
5/5/2023 8:17:52;TomaszCrypto7#5994;https://twitter.com/TomaszCrypto7/status/1644653942570119173;0x007506de8fAfc710ECfF05a5A59e5f0bBa86FB194CA96648314FC3bce9FfCD56;The Guide for the Polish Community Starknet (Part-II)/ Part-I - https://twitter.com/TomaszCrypto7/status/1640400612251648002;;;;5;
