Časová značka,Tweet link,Mainnet address to be rewarded,,Real/Bot,Reason,Last 7 tweets
4/7/2023 17:37:44,https://twitter.com/qweqwe5522/status/1644363567960059906?t=D4EmlvKBU0ilH8V1vvU5jQ&s=19,0x07F28a82a208DB51C501aa80ECB53d46840D61A9d04f3a97F7cEa4e91Ff9a86A,,Real but doubt ,Some original tweets,"WoooNen 28 april, Zorey 31 march, gameswift 19 april, gameswift 11 april, realtion 7 april, fundrop 15 april, garbage 11 april."
4/8/2023 3:50:05,https://twitter.com/dinhhoanglai1/status/1644516869095948289,0x00ffd9ca418211eceba171f923a1549b8275f17407053ebcea07c51eb8fe13ab,,Bot,"Loads of bot followers with the same style name, bio and profile pic.","Lamina1 13 march, Lamina1 25 april, Lamina1 15 april, Lamina1 17 januari, Batuhan Aka Alpha Archer 25 april, Venom Vietnam 25 april, secured finance 11 april"
4/9/2023 13:01:55,https://twitter.com/TangAnbo/status/1645017682356629505?s=20,0x0391e779b17dba6612ac2d2bbb14acd0aa8839cba27987aef58205a321a15cbc,,Real,Original tweets,"yyy 29 march, TraderDAO 29 march, Onsen Swap 29 march, WoooNen 28 april, own tweet 29 april, Starkfighter 29 april"
4/9/2023 14:39:09,https://twitter.com/shing02T/status/1645043444681945089?s=20,0x026f0D443FDDE122eC775dBC8E3b6Fc4F008EdbD64B3b95f5171C31F79c42B6b,,Bot,"Exact same tweets as #6 #7, almost same bio","WooNen 28 april, MintDAO 26 april, Pepe's Game 26 april, own tweet 28 april, Pepe's Game 13 april, Soonswap 24 april, Soonswap 28 april, T-show 27 april, T-show 26 april"
4/9/2023 14:44:04,https://twitter.com/snailxiaoxi/status/1645044545359593473?s=20,0x06bdbaCBD1e6a214B35BAC2a94896048198D879b63F55870CbC979D051dC3987,,Bot,"Exact same tweets as #5, Almost same bio","WooNen 28 april, Pepe's game 26 april, own tweet same as Tab#6280, Pepe's Game 13 april, Soonswap 25 april, Soonswap 28 april, T-Show 27 april,  T-Show 26 april"
4/9/2023 14:47:02,https://twitter.com/tang_zhihan/status/1645045488918614016?s=20,0x05343d79f8b10db91609011a4a7956428e245105c240ca3340345db49683a3c6,,Bot,"Exact same tweets as #4, Almost same bio","WooNen 28 april, Pepe's game 26 april, own tweet same as Tab#6280, Pepe's Game 13 april, Soonswap 25 april, Soonswap 24 april, Soonswap 28 april, T-Show 27 april,  T-Show 26 april"
4/9/2023 14:50:02,https://twitter.com/YuWx16/status/1645046206220091401?s=20,0x0407B5b7CC0c2fD8F00F6B7475C7868523e51E8D405160931144d4E98a13647c,,Bot,"Exact same tweets as #4, Almost same bio","WooNen 28 april, Pepe's game 26 april, own tweet same as #5 28 april, Pepe's game 12 april, Soonswap 28 april, Soonswap 24 april, Soonswap 25 april, T-show 27 april"
4/9/2023 18:02:15,https://twitter.com/dheaamelia47/status/1645093232815005697,0x0314b59d30299061ceb2435f95efa776c8f572c4c913014a4f56246daf2925b4,,Bot,Exact same tweets as #10,"Tevaera 27 april, Maverick 17 april, MintDAO 26 april, Gameswift 19 april, Relation 7 april, Gameswift 11 april, Braavos wallet own tweet 20 april, T-show 10 april."
4/9/2023 18:27:40,https://twitter.com/vemiintan_/status/1645099542235209728,0x02587f5221bb5fa17d61afecc309175f358121eb3f92ac267ebd9eee81ef23d9,,Bot,Exact same tweets as #9,"Tevaera 27 april, Maverick 17 april, MintDAO 26 april, Gameswift 19 april, Relation 7 april, Gameswift 11 april, Braavos wallet own tweet 20 april, T-show 10 april."
4/9/2023 18:53:12,https://twitter.com/masato1422/status/1645107458132639747,0x06afaa882b2d3b499c4181aa66dcda8f21cf4f18efad0088a8b50833600a212e,,Bot,"Exact same tweets as #12, almost same bio","Maverick 17 April, GameSwift 19 april, Gameswift 11 april, Zecrey 31 march, Own tweet bravos, Tmdao 11 april, T-show 10 april"
4/9/2023 18:55:57,https://twitter.com/RAGNAR_OK/status/1645108172955299843,0x049259c3a28e1f1bf6cd32978e66d786681e2e7389a3dda3ba384aed0e6d931c,,Bot,Exact same tweets as #11 almost same bio,"GameSwift 19 april, Gameswift 11 april, Zecrey 31 march, Own tweet braavos same as #11, Tmdao 11 april, zkVeggies 11 april, T-show 5 april"
4/10/2023 5:11:35,https://twitter.com/ottway5/status/1645263062264434688,0x07f99b521b304245b2d3cc4d457a12f72cda9fca4cf401137bb9275611d7a6c4,,Bot,Exact same tweets as #9,"Tevaera 27 april, Maverick 17 april, MintDAO 26 april, Gameswift 19 april, Relation 7 april, Gameswift 11 april, Braavos wallet own tweet 20 april, T-show 10 april."
4/10/2023 5:14:56,https://twitter.com/solihan_rega/status/1645263987221622785,0x038d49f21215219f7f2425edb7e88ffea15083f088ba1fa8abb0c71db1c49a9c,,Bot,Exact same tweets as #9,"Tevaera 27 april, Maverick 17 april, MintDAO 26 april, Gameswift 19 april, Relation 7 april, Gameswift 11 april, Braavos wallet own tweet 20 april, T-show 10 april."
4/10/2023 5:18:54,https://twitter.com/juliusdavid96/status/1645264920714387458,0x0720ef6ec6dbefc7ebd09629e2b133d23fdf925c8e5a71453f652dcdad8e734c,,Bot,Exact same tweets as #9,"Tevaera 27 april, Maverick 17 april, MintDAO 26 april, Gameswift 19 april, Relation 7 april, Gameswift 11 april, Braavos wallet own tweet 20 april, T-show 10 april."
4/10/2023 5:21:48,https://twitter.com/auliaadinda4/status/1645265667648634880,0x00a98d822398229518351d1642cef8bc868619547cb71b7fbc1e1204f7ee15d5,,Bot,Exact same tweets as #9,"Tevaera 27 april, Maverick 17 april, MintDAO 26 april, Gameswift 19 april, Relation 7 april, Gameswift 11 april, Braavos wallet own tweet 20 april, T-show 10 april."
4/10/2023 5:26:02,https://twitter.com/amandamahone9/status/1645266685253787649,0x055a73747ee4e1a4d6d31770a010b1ba5846d72903315897b114a722785c5eb9,,Bot,Exact same tweets as #9,"Tevaera 27 april, Maverick 17 april, MintDAO 26 april, Gameswift 19 april, Relation 7 april, Gameswift 11 april, Braavos wallet own tweet 20 april, T-show 10 april."
4/10/2023 5:27:14,https://twitter.com/toth_3330/status/1645267061981995008,0x07b1119eef9124ccb92913198bf0747adc34492cb1a1e4cbbafdfcf954d1f7fe,,Bot,Exact same tweets as #9,"Tevaera 27 april, Maverick 17 april, MintDAO 26 april, Gameswift 19 april, Relation 7 april, Gameswift 11 april, Braavos wallet own tweet 20 april, T-show 10 april."
4/10/2023 7:54:36,https://twitter.com/WilliamHill888/status/1645304135405948928?s=20,0x0069fe0499CC3B4B1630F86802A2168c15F56f26B388059c1AC2fC9Eb2E5Bcc9,,Real,Original tweets,"yyy 29 march, Own tweet Corecard, KaratDAO 21 april, Manta 27 april, Starknet.id 28 april, own tweet optimism 28 april, Tevaera 27 april."
4/12/2023 0:09:57,https://twitter.com/hongnga01273583/status/1645911771482574848,0x005212de16e780781112f2f2ab69e1f40acfb89bf3e09c9c0887fc8915d43599,,Bot,"Exact same tweets as #21, same style bio/profile pic as #2","Lamina1 13 march, Lamina1 25 april, Lamina1 15 april, Secured Finance 21 march, own tweet chinese proverb, secured finance 11 april, protocol labs 6 april"
4/12/2023 0:19:04,https://twitter.com/thanhni39216381/status/1645913889975181312,0x02ef794e979123225e3cdb251ccb63281e213f6ae81c4313e91940e489c73bd4,,Bot,"Exact same tweets as #20, same style bio/profile pic as #2","Lamina1 13 march, Lamina1 25 april, Lamina1 15 april, Secured Finance 21 march, own tweet chinese proverb, secured finance 11 april, protocol labs 6 april"
4/12/2023 0:26:25,https://twitter.com/thanhhi20752590/status/1645915970798747648,0x03433224a06ecd210e978b46df7ae1ae13bbc9bb9cfbcc4d54677460a9b6a39f,,Bot,"Exact same tweets as #21, same style bio/profile pic as #2","Lamina1 13 march, Lamina1 25 april, Lamina1 15 april, Secured Finance 21 march, own tweet chinese proverb, secured finance 11 april, protocol labs 6 april"
4/12/2023 0:42:03,https://twitter.com/vietlam28273075/status/1645919955194638337,0x05585e3288bbfa24c18ef490fb15542b8192108b9ee4ac6afb019a6a5fe6f3dc,,Bot,"Exact same tweets as #21, same style bio/profile pic as #2","Lamina1 13 march, Lamina1 25 april, Lamina1 15 april, Secured Finance 21 march, own tweet chinese proverb, secured finance 11 april, protocol labs 6 april"
4/12/2023 1:57:08,https://twitter.com/hongha43476267/status/1645938885908926465,0x00848e78110e11a68b7d4fe3b63176bc77b768c2db301a1929c518b24a507a32,,Bot,"Exact same tweets as #21, same style bio/profile pic as #2","Lamina1 13 march, Lamina1 25 april, Lamina1 15 april, Secured Finance 21 march, own tweet chinese proverb, secured finance 11 april, protocol labs 6 april"
4/12/2023 2:06:31,https://twitter.com/anhan20498395/status/1645941116313931776,0x0062d46feeafe820701054f65b321bffeca4b2c6d4c04816ce62527a400e95f2,,Bot,"Exact same tweets as #21, same style bio/profile pic as #2","Lamina1 13 march, Lamina1 25 april, Lamina1 15 april, Secured Finance 21 march, own tweet chinese proverb, secured finance 11 april, protocol labs 6 april"
4/12/2023 2:20:45,https://twitter.com/hungdun30769420/status/1645944687398887426,0x06b88ee2a8bcbe6183fbc80a49cad335bb5423eefaf92dd691aefd7f9266452e,,Bot,"Exact same tweets as #21, same style bio/profile pic as #2","Lamina1 13 march, Lamina1 25 april, Lamina1 15 april, Secured Finance 21 march, own tweet chinese proverb, secured finance 11 april, protocol labs 6 april"
4/12/2023 2:33:53,https://twitter.com/thanhda37942063/status/1645947972268720133,0x05fcabb85a2e27e53e358543058d8357a84c6504755c363fffe3e9353165f0d3,,Bot,"Almost same tweets as #21, just a few missing, same style bio/profile pic as #2","Secured Finance 21 march, own tweet chinese proverb, secured finance 11 april, protocol labs 6, Suiswap 17 march, Filecoin Foundation 14 march."
4/12/2023 2:55:12,https://twitter.com/hoangna18411743/status/1645953411777699840,0x07074070cb0bed1539b31ecda689593501c03f95b5d7b0999f213d730a68bc4c,,Bot,"Exact same tweets as #27, same style bio/profile pic","Secured Finance 21 march, own tweet chinese proverb, secured finance 11 april, protocol labs 6, Suiswap 17 march, Filecoin Foundation 14 march."
4/12/2023 3:08:05,https://twitter.com/VANPHAN90134213/status/1645956299610529792,0x072088fc81f3f9a0157167c771b3e77bfb31404640de850ed774866e31c6fe8b,,Bot,"Exact same tweets as #21, same style bio/profile pic as #2","Lamina1 13 march, Lamina1 15 april, Lamina1 25 april, Secured finance 21 march, own tweet chinese proverb 26 april, secured finance 11 april, protocol lab 6 april"
4/12/2023 3:18:37,https://twitter.com/THOCHU19/status/1645959398127472640,0x03a825b180f1645d40173a24a3a9e1fa6777266955c74c4da9daedebf7769f50,,Bot,"Exact same tweets as #21, same style bio/profile pic as #2","Lamina1 13 march, Lamina1 15 april, Lamina1 25 april, Secured finance 21 march, own tweet chinese proverb 26 april, secured finance 11 april, protocol lab 6 april"
4/12/2023 3:31:56,https://twitter.com/travinh09884710/status/1645962585479716864,0x02ad1ed2b2eca08738d074f8e73d95d3777fa9a5279699858b529d948fbb83d0,,Bot,"Exact same tweets as #21, same style bio/profile pic as #2","Lamina1 13 march, Lamina1 15 april, Lamina1 25 april, Secured finance 21 march, own tweet chinese proverb 26 april, secured finance 11 april, protocol lab 6 april"
4/12/2023 7:18:16,https://twitter.com/hoangla74073772/status/1646019794280517633,0x04f17762b5f06ef2897be7bcc86e6903ab2b845ba9f9231835b7a346dbda2e91,,Bot,"Exact same tweets as #21, same style bio/profile pic as #2","Lamina1 13 march, Lamina1 15 april, Lamina1 25 april, Secured finance 21 march, own tweet chinese proverb 26 april, secured finance 11 april, protocol lab 6 april"
4/13/2023 1:23:19,https://twitter.com/tranvanlan12/status/1646292816107311105,0x002ebc8f375ff62c3f5a8c9b29d4104330f07a3f49b1c0000757ae063c03b349,,Bot,"Exact same tweets as #21, same style bio/profile pic as #2","Lamina1 13 march, Lamina1 15 april, Lamina1 25 april, Secured finance 21 march, own tweet chinese proverb 26 april, secured finance 11 april, protocol lab 6 april"
4/13/2023 1:31:30,https://twitter.com/doanvantrung16/status/1646294526674493444,0x03692904f521dc2c5368d8e19d095a488cb2ea7d36e6552bff18c2962957bb06,,Bot,"Exact same tweets as #21, same style bio/profile pic as #2","Lamina1 13 march, Lamina1 15 april, Lamina1 25 april, Secured finance 21 march, own tweet chinese proverb 26 april, secured finance 11 april, protocol lab 6 april"
4/13/2023 10:47:31,https://twitter.com/barnaclebarny/status/1646434690033672192,0x04C21bf1c7F6ddD993dafa17C7F8afEA77aD6E8bBF0A0C4aD079f7D83dD9bB64,,Real,Original tweets,"Open Campus 28 april, own tweet themis 28 april, Themis 25 april, Cantonamespace 26 april, Venom 26 april, Mantleswap 14 april, Mantleswap 5 march."
4/14/2023 8:43:37,https://twitter.com/trantha53456532/status/1646765934332510208,0x06ef306872f783e63e5060d514bad24f7cbe786ab51fdb1d6bb63e60ac7fecd5,,Bot ,"Exact same tweets as #21, same style bio/profile pic as #2","Lamina1 13 march, Lamina1 15 april, Lamina1 25 april, Secured finance 21 march, own tweet chinese proverb 26 april, secured finance 11 april, protocol lab 6 april"
4/14/2023 8:51:51,https://twitter.com/condao9/status/1646767968678989826,0x019d21c45b317433986a8f33c2487aee26d8cc31511cbf566312c670dee87519,,Bot,"Exact same tweets as #21, same style bio/profile pic as #2","Lamina1 13 march, Lamina1 15 april, Lamina1 25 april, Secured finance 21 march, own tweet chinese proverb 26 april, secured finance 11 april, protocol lab 6 april"
4/14/2023 9:02:54,https://twitter.com/phanvantrang8/status/1646770793005858816,0x0263bb74873e5715817ff3d3bed734b2f75ff253825cb676d12be6622ea58d40,,Bot,"Exact same tweets as #21, same style bio/profile pic as #2","Lamina1 13 march, Lamina1 15 april, Lamina1 25 april, Secured finance 21 march, own tweet chinese proverb 26 april, secured finance 11 april, protocol lab 6 april"
4/14/2023 9:12:08,https://twitter.com/tranthi33401647/status/1646773140805271552,0x009cf1a4b4aab014db6012a517d30339d4d14919b97dc053c70658c76ee6af21,,Bot,"Exact same tweets as #21, same style bio/profile pic as #2","Lamina1 13 march, Lamina1 15 april, Lamina1 25 april, Secured finance 21 march, own tweet chinese proverb 26 april, secured finance 11 april, protocol lab 6 april"
4/14/2023 9:20:14,https://twitter.com/tranthi66939022/status/1646775183527780352,0x00b562b156823752c2e119dceeeeb068d813bddb1067eb5c38315627477a3dbd,,Bot,"Exact same tweets as #21, same style bio/profile pic as #2","Lamina1 13 march, Lamina1 15 april, Lamina1 25 april, Secured finance 21 march, own tweet chinese proverb 26 april, secured finance 11 april, protocol lab 6 april"
4/14/2023 9:27:32,https://twitter.com/hoanam57941986/status/1646776969806372864,0x01879516530bad2151eaa6bb56b5c5b756b0bd184fe6764c6a3ee40d4dd7ee9c,,Bot,"Exact same tweets as #21, same style bio/profile pic as #2","Lamina1 13 march, Lamina1 15 april, Lamina1 25 april, Secured finance 21 march, own tweet chinese proverb 26 april, secured finance 11 april, protocol lab 6 april"
4/14/2023 9:42:45,https://twitter.com/thanhna65673794/status/1646780712920686592,0x0322bde671aa6d35276e1aec8e8132a03a39d0b1370d4b9834645776e0b9d22a,,Bot,"Exact same tweets as #21, same style bio/profile pic as #2","Lamina1 13 march, Lamina1 15 april, Lamina1 25 april, Secured finance 21 march, own tweet chinese proverb 26 april, secured finance 11 april, protocol lab 6 april"
4/14/2023 9:50:44,https://twitter.com/THANHHA82442172/status/1646782784441290752,0x060da5290e4e806326c48eff20f8a6e11da8d84b3cd108aa8125942875437df4,,Bot,"Exact same tweets as #21, same style bio/profile pic as #2","Lamina1 13 march, Lamina1 15 april, Lamina1 25 april, Secured finance 21 march, own tweet chinese proverb 26 april, secured finance 11 april, protocol lab 6 april"
4/14/2023 9:58:57,https://twitter.com/lehoa99730042/status/1646784791889731584,0x04f5673a2586e2b139a616f7c80778ce3adc9ec68aede8b34f3f74999e97e84e,,Bot,"Exact same tweets as #21, same style bio/profile pic as #2","Lamina1 13 march, Lamina1 15 april, Lamina1 25 april, Secured finance 21 march, own tweet chinese proverb 26 april, secured finance 11 april, protocol lab 6 april"
4/14/2023 10:09:29,https://twitter.com/thanhvu25329891/status/1646787449606250496,0x01db903225f17d098d172d5d9ca07339524e7936f713ae285a85cd4deb266993,,Bot,"Exact same tweets as #21, same style bio/profile pic as #2","Lamina1 13 march, Lamina1 15 april, Lamina1 25 april, Secured finance 21 march, own tweet chinese proverb 26 april, secured finance 11 april, protocol lab 6 april"
4/14/2023 10:19:04,https://twitter.com/thanhtu13088881/status/1646789971376996352,0x07ff38a2632f492a556c7b2a3cf7da60bf7003208df5442e2184313facb5ac38,,Bot,#,#
4/14/2023 10:28:27,https://twitter.com/trungti21839093/status/1646792248196231170,0x0765f0b94b4f7756bf1a724b3dcb2e92329afea40f84f7223f704395f84f535a,,Bot,#,#
4/14/2023 10:42:41,https://twitter.com/tranmin66692622/status/1646795907034394624,0x03f09e5f67f693bf6143f98311dcf26aebe2681a3703fe26d5ba88b9f188a900,,Bot ,#,#
4/14/2023 10:52:58,https://twitter.com/dotrung73602128/status/1646798492642459648,0x04afad2860f9537e65e9c9ce02809612c5127b28d1f8c6b860b41f24b6cabbcb,,Bot,#,#
4/14/2023 11:01:12,https://twitter.com/tranhie48803793/status/1646800450031845379,0x016d8660a90fc9bc8f583b38572721b2a9477aa6d586de285ab57211dff6fdb3,,Bot,#,#
4/14/2023 11:18:52,https://twitter.com/hatien87144199/status/1646804962935209984,0x06e3b86d7c5c9337203a632f8958a4c1be8d9cbdb43c04cb6559e257def52456,,Bot,#,#
4/14/2023 11:26:59,https://twitter.com/tranhoa25784921/status/1646806969288908801,0x0298a309c995144d118789f29e73346cddce35a1b00f6f795617119030719c85,,Bot,#,#
4/14/2023 11:40:36,https://twitter.com/namhung66305472/status/1646810392214249474,0x01c2b5e1db08d5efea5829a156a85a2b632cd075a480892a17a34448f3008feb,,Bot ,#,#
4/14/2023 11:51:59,https://twitter.com/tranhai86561884/status/1646813335290269698,0x00d1831206afaa29b6919f25e9a942b5fff06a95b863083461b53802fe3e02b2,,Bot,#,#
4/14/2023 12:05:01,https://twitter.com/lehoa51570269/status/1646816431814877185,0x04fcc18f8e8d87948a2490cf9cceb9b1efd90aacaa9bc9f49dd8a2f221808b0a,,Bot,#,#
4/14/2023 13:20:37,https://twitter.com/hainam55756875/status/1646835565567025153,0x0763bc741ccafd34e8f645f34abaebfd338b37f9d9caaf6d3492311c5cfe5477,,Bot,#,#
4/14/2023 13:35:41,https://twitter.com/tiennam90021516/status/1646839480429735937,0x0238ec2ba6e200a2040b3d7873424f55c684ceee9aeb4466bdcf2bf167896d9e,,Bot ,#,#
4/14/2023 13:43:22,https://twitter.com/kiennhan9/status/1646841364402040832,0x00366a44f7cc0914e3f2c515a60282f0d6a043bd3a85fc190e5847284a5f314e,,Bot,#,#
4/14/2023 13:51:19,https://twitter.com/thanhng71789382/status/1646843444718080000,0x040a386ff273ad78692626afa689abed5e3ab9a9495d591fef1c263d638ff589,,Bot,#,#
4/14/2023 14:00:17,https://twitter.com/lenghia77025118/status/1646845691745161216,0x0370da92b4693e6cdf3b995272272a5ed34bafea1e7e0bbd7e338f0df5af6c88,,Bot,#,#
4/14/2023 14:09:02,https://twitter.com/tranda62964007/status/1646847775915790336,0x0091d1a6690a42d3333aff49c9935bf8dad11f38f81da0cbb1915d9978d5b13f,,Bot,#,#
4/14/2023 14:20:36,https://twitter.com/kiengia27890109/status/1646850618047467524,0x0547d58381dbdb833a61dce76c8aff4187df673b9273288013884bf078cc9ba2,,Bot,#,#
4/14/2023 14:32:25,https://twitter.com/dotam37475759/status/1646853623148867584,0x0096c1203291e2a2a08fe46d473a55f05fe2900adaf14e8ec834fe685d0dea6b,,Bot,#,#
4/14/2023 14:41:28,https://twitter.com/letoan18461053/status/1646855984663638016,0x0278f504dc9c6b7c632577471362c71dbd45938117f9c70d63656d2204a8a12f,,Bot,#,#
4/14/2023 14:50:24,https://twitter.com/letrung95018963/status/1646858152602918913,0x0536c4f08ff5f88992e16a87e08f77bca06b149354892bddc97dbbb28239c867,,Bot,#,#
4/14/2023 15:00:52,https://twitter.com/doannam76952863/status/1646860884621533185,0x007203d9efd70c1632911d94d997d399fe2ff31b812afc451314bab03d2969ae,,Bot,#,#
4/14/2023 15:26:59,https://twitter.com/dangha48888299/status/1646867478528794624,0x05c02f09977651c9b211c79ddacdce46b1ffc24df0a7a74a90c6858d9f12124a,,Bot,#,#
4/14/2023 15:35:20,https://twitter.com/namtien90281448/status/1646869573264900097,0x0019f43b716a011d5f8990a5cfdc155f0a3a2e2e85bab6ea829fd450cb4b6198,,Bot,#,#
4/15/2023 7:52:23,https://twitter.com/dangtra67960370/status/1647115479704834052,0x04b5f07ca8e14f670c2b2de2ff2b28349c44efd5e5ec14cde82ed3a5b7ad986a,,Bot,#,#
4/15/2023 7:59:41,https://twitter.com/hanam18703251/status/1647117282542518272,0x0119777513a7b45d71b012830ad7794321e7d8afd93d34fc380f7c74e2ed1705,,Bot,#,#
4/15/2023 8:10:08,https://twitter.com/hoanam08624219/status/1647119868347695105,0x00ae0b6cceac871df19cb68c20f36a3a9d72640c227fe509efbd856b7bf7f306,,Bot,#,#
4/15/2023 8:20:43,https://twitter.com/thanhnh96109956/status/1647122513007353859,0x029832ce7634275b9ffde20b106a2247d1668efa6ef094f1b588be2ac13d3d86,,Bot,#,#
4/15/2023 8:28:01,https://twitter.com/trungki69655118/status/1647124451354636289,0x025e8d594bc885ea9ca66e97ea97fd16d214a04282e2b8092ccde503e74bc3a4,,Bot,#,#
4/15/2023 8:37:15,https://twitter.com/trannha65395380/status/1647126763263381504,0x0589661d5ae354b07e2ca49e7b1b3d5ff589e8f8be0d2809288be3dcd0622451,,Bot,#,#
4/15/2023 8:49:00,https://twitter.com/dotien39783530/status/1647129635468214274,0x05427ca801c0f0a0bd1ea933773ff6c0bb960558381e2849347b6cd15ac89e59,,Bot,#,#
4/15/2023 8:58:38,https://twitter.com/lehoa61854548/status/1647132072182685697,0x0339cc6843f65b5c9dd2c4f465066ae4d737a3ed52e50b3831f4abe86da205dd,,Bot,#,#
4/15/2023 9:07:49,https://twitter.com/lehang21787100/status/1647134423983472645,0x03fda33cf16020cf3c344ec3ab94c3712080e3c6c9ca7bd63e8484310b57ad7b,,Bot,#,#
4/15/2023 9:18:09,https://twitter.com/trandoa67003574/status/1647136920500142085,0x00733e46fd94b1896448f11dd99e6a8a737bf6856662ced317b0ba4d439e4a1b,,Bot,#,#
4/15/2023 9:30:28,https://twitter.com/tranhun00406113/status/1647140034502606850,0x06140a06c0cf8062ce2cf6a7466b24ed9d97ca4e2b5d73b8e338fb158f4ea485,,Bot,#,#
4/15/2023 9:44:23,https://twitter.com/lehoang27322315/status/1647143507759333379,0x0270bfe24bffc506f2a4f8773bf83f94446ef1a45afae49d2e026a7f8a2251b5,,Bot,#,#
4/15/2023 9:58:23,https://twitter.com/dohung41570065/status/1647147078555140097,0x061e4790e9089a1c475fb947223d64648f518cbc34a409db9aa21f5238e282de,,Bot,#,#
4/15/2023 10:06:04,https://twitter.com/TRANTOA82446640/status/1647149063668912128,0x07c2e485f919c271aa9acbed24d0e098b7860aed9c07bbac16997c51ebd0adf1,,Bot,#,#
4/15/2023 10:17:34,https://twitter.com/THAILAN57501909/status/1647151972066402304,0x02a032ce5afca72a61bc64451472d29d55ca5dfc27f661fffb343935d5162672,,Bot,#,#
4/15/2023 10:32:16,https://twitter.com/TRINHLAI3/status/1647155647811817472,0x06ccae064dca66756356b1464230662c0b541a784a6a557bd775ccd59de314b4,,Bot,#,#
4/15/2023 10:42:52,https://twitter.com/LaiTring/status/1647158341993664515,0x009459d0931ec71aa019f16e59860289e47309b7a8941b51f7fd592919727c19,,Bot,#,#
4/15/2023 10:54:26,https://twitter.com/HAQUANG88260301/status/1647161134104059904,0x062c3e99fc6d65cda2de822374be5419de676a3152d0a52dc251fefb8535b03a,,Bot,#,#
4/15/2023 12:31:53,https://twitter.com/ledang61925207/status/1647185727346835457,0x035ab598b3e62822fd3ada4f4d24ebffcb863056cc08eb7374d49e6fefa13bea,,Bot,#,#
4/15/2023 12:39:46,https://twitter.com/DOANHUN64941213/status/1647187815984406529,0x02b8dc8bdd9d540e1ecbbb544120ad2bb25541f787caa902d68da1451e3928c0,,Bot,#,#
4/15/2023 12:52:04,https://twitter.com/nguyent92934540/status/1647190898382618625,0x007ed8350c52cc44f733180cf668d07058e2748808f46762f97af4e1ef04e8f0,,Bot,#,#
4/15/2023 13:04:59,https://twitter.com/lephai15/status/1647194149404426241,0x00b974073aa97661f9c4863fea1f0d26775ba4aae407c1b687fc35c374eeb55f,,Bot,#,#
4/15/2023 13:13:12,https://twitter.com/HANAM18829243/status/1647196228181168128,0x0689299ac47d210646c1a5526ee9cde4b0399fa01b98e2959a84fb5e86b8c45d,,Bot,#,#
4/15/2023 13:23:21,https://twitter.com/lytam41693766/status/1647198758189547520,0x0433c883b6346aa9a3fbb7f97cda6e7ada87525820c093e39944a25b495d980b,,Bot,#,#
4/15/2023 13:38:06,https://twitter.com/letrung74147063/status/1647202495847071744,0x02a53ff53929b6be7f4bbfbc0e4d7d95807c2c87ace564d101fe38154abd61ce,,Bot,#,#
4/15/2023 13:48:12,https://twitter.com/trung_quac/status/1647205041756049410,0x013698c0e381a78c8fcdd9d655e72ef52130a137d08289281eadd08fec80de82,,Bot,#,#
4/16/2023 8:23:14,https://twitter.com/trankha69496552/status/1647485522493997056,0x05c295e19f9fc4512bffcbf13f8afa1a96d889178ce1fb7521c78edf8153fd64,,Bot,#,#
4/16/2023 8:37:35,https://twitter.com/DOHUNG06965945/status/1647489140727111680,0x06059a21107451b5fa4fcfd059f58080c03f3b2e50a616a1e11e840ab37e0fd8,,Bot,#,#
4/16/2023 8:45:39,https://twitter.com/letrung48625573/status/1647491273199325184,0x0602ab64407c797f8ba806de89c3ee839e40d18393454adf12935037a5a112cb,,Bot,#,#
4/16/2023 8:56:41,https://twitter.com/tientrong8/status/1647493883511840768,0x00b2e726d4366a52ac3d2189ad74728803c8709d568bb5b11d3ab00850183596,,Bot,#,#
4/16/2023 9:07:49,https://twitter.com/NAMYET4/status/1647496779091570689,0x02b3ad7cbda4bac9a923948e471053b6643dcbf5635c90b15b5e8dbdee835dae,,Bot,#,#
4/16/2023 9:19:14,https://twitter.com/sinhton8/status/1647499643377561600,0x07816325ff33d546c5d8c81a1e8991156b21c384cf593a975037e0b1c737728a,,Bot,#,#
4/16/2023 9:28:30,https://twitter.com/binhba6/status/1647501973065957378,0x0260e74507a6d5e9d4a46c377279e58aac0ecbdce0095dc6db3e4b6e1f8cc7eb,,Bot,#,#
4/16/2023 9:38:32,https://twitter.com/miningsolarvn/status/1647504582057279488,0x079bb088baecb00e6b71a4546d4b8b18ba328abe91acc80619e0bb7741adb12e,,Bot,#,#
4/16/2023 9:53:05,https://twitter.com/LYSON09696494/status/1647508182821126146,0x0154b735d8cd5cbd32ea2845f70f5fef6537eba2f80df3c3ed7c4b5ffd6a846d,,Bot,#,#
4/16/2023 10:01:49,https://twitter.com/CONCO84191877/status/1647510428132724736,0x06006ebe96ca1275d9036a176c73336e43b51a04b84cde88148d43c3be5def49,,Bot,#,#
4/16/2023 10:14:33,https://twitter.com/songtu91201395/status/1647513555531612160,0x01cdea8f2c25e9a81ec71b9180a6d00e78a9f995d83e84c65e3fb455f3dad839,,Bot,#,#
4/16/2023 11:53:29,https://twitter.com/NGUYENT86416333/status/1647538497518198785,0x06f97bf65ce3ad194503e8417497cfb7dc0c5109626e52a6272777103c9ff4db,,Bot,#,#
4/16/2023 12:04:25,https://twitter.com/trungdung781/status/1647541283613974528,0x01074268536f26372798c08735c9a92dc7491d65abffbb9e66d313c6d4312b02,,Bot,#,#
4/16/2023 12:15:34,https://twitter.com/TRANHONG141/status/1647544047685480448,0x043680ddc069e06dac6828987978cd854786170c873ea0b0625d8c6b508fcace,,Bot,#,#
4/16/2023 12:25:03,https://twitter.com/lenam419/status/1647546440053575683,0x0169664a5c44e5d25b2b2ac0137c9255183816b063fc4db15aff93bd5e600330,,Bot,#,#
4/16/2023 12:33:40,https://twitter.com/hatienfec/status/1647548575054991360,0x020d825ece550865b87fb7e85264816d66f07b9480f9eb7d5eacca7dd7d9f982,,Bot,#,#
4/16/2023 12:50:28,https://twitter.com/tranlonghpd/status/1647552647833214977,0x016bc5b399f9e8095afc770e37912aeecdd8b55b7c237ef4bc43aeef878cd6a7,,Bot,#,#
4/16/2023 13:00:29,https://twitter.com/trankhaifwb/status/1647555365603790848,0x05fc803fa2b1c6df401f5aa0f7108ea4d85077c4e820af232cd56f5669b74099,,Bot,#,#
4/16/2023 13:09:40,https://twitter.com/nguyenh37157933/status/1647557672097714176,0x017e1fc95ba88fdcfac0f89da86e919c75e226e5e65b58081fc2f3cb4b084b33,,Bot,#,#
4/16/2023 13:21:47,https://twitter.com/doanlangref/status/1647560712385069058,0x07735b97def23cee5c45f424b32cfd3a454ba9077e9b082da69a7376e1bf78e3,,Bot,#,#
4/16/2023 13:29:55,https://twitter.com/lykhoanaw/status/1647562713760137217,0x01cb996c0294790855e2bdb6e8393322625348439701445dff91221a1c1081ca,,Bot,#,#
4/17/2023 13:53:44,https://twitter.com/Dani_Alvarino/status/1647930477897043968?s=20,0x58569cf0537dc5919aafcd130e3014265cd2c82ffd378bb17d5985099e93448,,Real,Original tweets,"MintDAO 26 april, Syncswap 18 april, Carmine options 17 april, Michael 17 april, Jali 15 april, ODELL 16 april, mantle 16 april, notEezzy 15 april."
4/29/2023 15:21:04,https://twitter.com/puddington78/status/1652300502506385408,0x055E0e6BbB31B295f9c11bDe85Fc1fB425bF1e1A86497dF4364AD862697705C9,,Real,It's me :),"Minted 1 may, MintDAO 26 april, Derivio 1 may, BeJoe 28 april, BeJoe 23 april, Carmine 29 april, StarkFighter 28 april."
1.5.2023 10:51:48,https://twitter.com/Heartzofman/status/1652958844195160066,0x02092BB5Df5D5ab549AEd3D47c281f752e7031a55F873f9066a3a494770A7506,,Real,Original tweets,"Suipepe 29 april, BaySwap 3 may, Sui Community 26 april, Sui Insiders 28 april, NemoSwap 27 april, Sui Whale 28 april, Sui Analytics 28 april, NemoSwap 29 april"
